Name,City,Country
Marilyn,Giesteira,Portugal
Sharon,Denver,United States
Cheryl,Mawu,China
Julie,Krajan Dermawuharjo,Indonesia
Jeffrey,Cabouco,Portugal
Frank,Kertasari,Indonesia
Jean,Leigao,China
Ruby,Vitina,Kosovo
Peter,Bonneuil-sur-Marne,France
Emily,Tseel,Mongolia
Christine,Yegorlykskaya,Russia
Paula,Santa Rosa,Argentina
Matthew,Tabuc Pontevedra,Philippines
Betty,Sabirabad,Azerbaijan
Louise,Fengsheng,China
Ernest,Qinghe,China
Benjamin,Sampués,Colombia
Evelyn,Igbor,Nigeria
Annie,La Cuesta,Peru
Stephen,Cikandang,Indonesia
Ronald,San Francisco,United States
Ronald,Alvaiázere,Portugal
Scott,Cabadiangan,Philippines
Jose,Obonoma,Nigeria
Paula,Manūjān,Iran
Katherine,Bago,Indonesia
Lois,Cajolá,Guatemala
Cynthia,Obock,Djibouti
Marie,Hane,Indonesia
Eugene,Bugko,Philippines
Diane,Ciawi,Indonesia
Melissa,Maceió,Brazil
Johnny,Katsina,Nigeria
Maria,Borgholm,Sweden
Carlos,Turbaco,Colombia
Angela,Rizal,Philippines
Diane,Bacong,Philippines
Judy,Dinskaya,Russia
Michael,Jujur,Indonesia
Harold,Ventsy,Russia
Teresa,Horodnya,Ukraine
Rachel,Olleros,Peru
Anne,Daru Rilwan,Gambia
Kelly,Taloy,Philippines
Albert,Fenggang,China
Christopher,Bertioga,Brazil
Julia,Örebro,Sweden
Jerry,Quzhou,China
Christine,Yilan,Taiwan
Ernest,Burunday,Kazakhstan
Kevin,Bachaquero,Venezuela
Kathryn,Wenwuba,China
John,Tafo,Ghana
Jason,San Jose,Mexico
Janice,Buyant,Mongolia
Christina,Černovice,Czech Republic
Margaret,Beni,Democratic Republic of the Congo
Walter,Kalloní,Greece
Paula,Sulahan,Indonesia
Sharon,Buyunshan,China
Mildred,Oster,Russia
Christina,Macau,Macao
Justin,Végueta,Peru
William,Loei,Thailand
Amanda,Pinheiral,Portugal
Donna,Taltal,Chile
Annie,Acobambilla,Peru
Judith,Ponce,Puerto Rico
Antonio,Qiryat Shemona,Israel
Kevin,Longlisuo,China
Theresa,Cachada,Portugal
Johnny,Kobe,Japan
Albert,Wuqu,China
Anne,Gapan,Philippines
Melissa,Vári,Greece
Lois,Mayma,Russia
Richard,Feodosiya,Ukraine
Raymond,Rawa Mazowiecka,Poland
Kathleen,Cibangban Girang,Indonesia
Anne,Yezhi,China
Kathleen,Jermenovci,Serbia
Howard,Pajeksan,Indonesia
Emily,Paola,Malta
Lois,Motrico,Philippines
Rachel,Bolesławiec,Poland
Jeremy,Barra do Garças,Brazil
Kathryn,Gamawa,Nigeria
Philip,Iracemápolis,Brazil
Richard,Bontang,Indonesia
Brandon,Libas,Philippines
Karen,San Ramón de la Nueva Orán,Argentina
Annie,Dragomer,Slovenia
Shawn,Mariscala,Uruguay
Cynthia,Carmen,Philippines
Maria,Erjiegou,China
Lawrence,Limoeiro,Brazil
Alan,Ebute Ikorodu,Nigeria
Brandon,Boto,Indonesia
Teresa,Malpique,Portugal
Jesse,Mezhdurechensk,Russia
Wanda,Lincoln,United States
Scott,Hong’an Chengguanzhen,China
Sharon,Duobagou,China
Douglas,Baon,Philippines
Wayne,Jinghong,China
Jesse,Huangwei,China
Jack,Duwakbuter,Indonesia
Anne,Shunde,China
Ronald,Lleida,Spain
Benjamin,Warungsugan,Indonesia
Janice,Kalembutillu,Indonesia
Kathryn,Cabano,Canada
Deborah,Looc,Philippines
Raymond,Salam,Indonesia
Russell,Bergen op Zoom,Netherlands
Ryan,Waekolong,Indonesia
Bonnie,Zaraysk,Russia
Christina,Bell Ville,Argentina
Donna,Seixas,Portugal
Betty,Bangonay,Philippines
Thomas,Zelenograd,Russia
James,Caomiao,China
Victor,Uummannaq,Greenland
Linda,Lianghu,China
Christine,Largo,United States
Roger,Nguigmi,Niger
Nicholas,Panagyurishte,Bulgaria
Raymond,Veiga,Portugal
Martha,Thị Trấn Tam Sơn,Vietnam
Sara,Adelaide,South Africa
Ralph,Wangjiang,China
Margaret,Yaozhanzi,China
Gerald,Cabalaoangan,Philippines
Tammy,Tønsberg,Norway
Lisa,Savski Venac,Serbia
Tina,Campor,Indonesia
Lisa,Dhalie,Yemen
Marilyn,Leiguan,China
Harry,Datong,China
Sharon,Cochabamba,Peru
Robin,Ganzhou,China
Louis,Henan’an,China
Christine,Picoto,Portugal
Anne,Al Bīrah,Palestinian Territory
Amy,Vrakháti,Greece
Steven,Gniezno,Poland
Daniel,Tacurong,Philippines
Todd,Chaoyang,China
Rebecca,Janakkala,Finland
Timothy,Schœlcher,Martinique
Gloria,Padaimut,Indonesia
Justin,Pointe-Noire,Republic of the Congo
Joe,Pau,France
Cheryl,Phaya Thai,Thailand
Kathleen,Kertanegla,Indonesia
Clarence,Fovissste,Mexico
Lori,Khvalovo,Russia
Kenneth,Karangintan,Indonesia
Sarah,Złoty Stok,Poland
Chris,Mucllo,Peru
Brenda,Jimusa’er,China
Kimberly,Yeri,Cyprus
Marilyn,San Jose,Mexico
Fred,Nemuro,Japan
Judith,Rijswijk,Netherlands
Gerald,Montfort-sur-Meu,France
Ruth,Santa Cruz,Mexico
Jack,Sarbīsheh,Iran
Gerald,Wenqiao,China
Earl,Ōdate,Japan
Kimberly,Concepción,Bolivia
Edward,Manouba,Tunisia
Wanda,Casal de São João,Portugal
Pamela,Xinji,China
Tammy,Rosaspata,Peru
Emily,Zibreira,Portugal
Clarence,Mammari,Cyprus
Timothy,Malo,Indonesia
Beverly,Zhengcun,China
Christopher,Rodionovo-Nesvetayskaya,Russia
Jeremy,Stockholm,Sweden
Johnny,Västerås,Sweden
Debra,Karangboyo,Indonesia
Andrea,Zdounky,Czech Republic
Chris,Roodepoort,South Africa
Frank,Próti,Greece
Brenda,Paris 06,France
Jimmy,Kāleke Mandi,Pakistan
Jean,Sekirnik,Macedonia
Barbara,São José dos Campos,Brazil
Raymond,Turtas,Russia
Barbara,Yingtou,China
Kimberly,Zhangbagou,China
Lawrence,Cluses,France
Elizabeth,Tongqiao,China
Sharon,Grenoble,France
Roger,Tazhuang,China
Melissa,Nueva Loja,Ecuador
Arthur,Shiyuetian,China
Kelly,Atlantis,South Africa
Diane,Guilherand-Granges,France
Lillian,Alto do Estanqueiro,Portugal
Joshua,Bondowoso,Indonesia
Maria,Scholkine,Ukraine
Jane,Tailing,China
Harry,Dongchong,China
George,Jibu,China
Amy,Maloarkhangel’sk,Russia
Jane,Tovačov,Czech Republic
Patrick,Ergates,Cyprus
Willie,Boundiali,Ivory Coast
Howard,Guadalupe,Costa Rica
Irene,Alaminos,Philippines
Pamela,Lela,Indonesia
Nicole,Yanmen,China
Mark,'s-Hertogenbosch,Netherlands
Victor,Bolgar,Russia
Eugene,El Sombrero,Venezuela
Steve,Longtou’an,China
Sean,Myaydo,Myanmar
Brenda,Bansalan,Philippines
Bruce,Dahewan,China
Joseph,Qigzhi,China
Patrick,Sandaogou,China
Frances,Bierawa,Poland
Virginia,Sélestat,France
Pamela,Donja Mahala,Bosnia and Herzegovina
Mildred,Sukhirin,Thailand
Steven,Ica,Peru
Sandra,Svobody,Russia
Lois,Malitubog,Philippines
Kathleen,Vale,Georgia
Marilyn,Dŭstí,Tajikistan
Evelyn,Nangahale,Indonesia
Sandra,Formosa,Argentina
Virginia,Quaraí,Brazil
Carolyn,Quimperlé,France
Raymond,San Antonio,Mexico
Justin,Beranci,Macedonia
Harry,Otavalo,Ecuador
Betty,Sogamoso,Colombia
Christine,Khashuri,Georgia
Johnny,Créteil,France
Jeremy,Xindong,China
Jesse,Bachuan,China
Kenneth,Lame,Nigeria
Susan,Vargem Grande Paulista,Brazil
Rose,Yelyzavethradka,Ukraine
Angela,Nanzhao,China
Janice,Shangjia,China
Christina,Masohi,Indonesia
Denise,Złota,Poland
Keith,Tutem,Indonesia
Joshua,Épinal,France
Stephen,Xinglongquan,China
Juan,Sukošan,Croatia
Paula,Latung,Philippines
Beverly,Leshan,China
Theresa,Sūq al Khamīs,Yemen
Adam,Aija,Peru
Elizabeth,Nürnberg,Germany
Wanda,Alcaldedíaz,Panama
Emily,Jindong,China
Martin,Zhangbang,China
Joe,Zafarwāl,Pakistan
Alan,Kėdainiai,Lithuania
Judy,Lauro de Freitas,Brazil
Kenneth,Józefosław,Poland
Kenneth,Dadian,China
Bobby,Shuangtang,China
Louise,Muyuzi,China
Jonathan,Penanggal,Indonesia
Juan,Beipai,China
Henry,Armash,Armenia
Lisa,Cipari Satu,Indonesia
Johnny,Gao,Mali
Linda,Mandikbatu,Indonesia
Catherine,Vimmerby,Sweden
Steven,Īz̄eh,Iran
Jimmy,Hola Prystan’,Ukraine
Laura,Makumbako,Tanzania
Joe,Bamusso,Cameroon
Mildred,Poretskoye,Russia
Ruth,Tongyang,China
Victor,Pueblo Nuevo,Peru
Carolyn,Portelinha,Portugal
Chris,Bergen,Norway
Nicole,Xindeng,China
Ernest,Raszowa,Poland
Beverly,Moss,Norway
Jennifer,Vol’sk,Russia
Jason,Ganding,Indonesia
Steven,Krynychky,Ukraine
Jimmy,Kālīganj,Bangladesh
Jason,Jastrebarsko,Croatia
Katherine,Salinungan Proper,Philippines
Janet,Makamba,Burundi
Sharon,Shizong,China
Robert,Tuanjie,China
Helen,Guanqian,China
Tammy,Bosen,Indonesia
Sandra,Montes Claros,Brazil
Brian,Mriyunan,Indonesia
Katherine,Manjing,China
Doris,Otutara,French Polynesia
Paul,Tsuen Wan,Hong Kong
Susan,Sanfins,Portugal
Tammy,Santa Cruz del Sur,Cuba
Janice,Lianrao,China
Kathleen,Alexandria,Jamaica
Emily,Zborište,Bosnia and Herzegovina
Jason,Hezheng Chengguanzhen,China
Cynthia,Seixas do Douro,Portugal
Paula,Grand Forks,United States
Donald,Minamata,Japan
Andrea,Dearborn,United States
Roger,Manhiça,Mozambique
Eric,Sabana Grande,Venezuela
Gregory,Menara,Indonesia
Victor,Yanglin,China
Marilyn,Pengdian,China
Terry,Peremyshl’,Russia
Sean,Shaliu,China
Alice,Trondheim,Norway
Matthew,Nova Prata,Brazil
Elizabeth,Zhendong,China
Barbara,Ḩabīl al Jabr,Yemen
Victor,Kumla,Sweden
Frances,Sirnaresmi,Indonesia
Robin,Bezhta,Russia
Maria,Mŭynoq,Uzbekistan
John,Ishimbay,Russia
Jean,Al Jarrāḩī,Yemen
Timothy,Loandjili,Republic of the Congo
Elizabeth,Union,Philippines
Irene,Bansko,Bulgaria
Chris,Litan,China
Betty,Voiron,France
Emily,Thành Phố Hạ Long,Vietnam
Jennifer,Bafoussam,Cameroon
Bobby,Xinji,China
Cheryl,Karakulino,Russia
Roy,Yunxi,China
Mark,Aughrim,Ireland
Jeffrey,Xiaohe,China
Mildred,Novokizhinginsk,Russia
Brenda,Ozorków,Poland
Catherine,Situsari,Indonesia
Billy,Caibarién,Cuba
Brian,Ariquemes,Brazil
Debra,Irosin,Philippines
Harry,Dongyangzhen,China
Ruth,Reni,Ukraine
Rose,Mvuma,Zimbabwe
Russell,Martinlongo,Portugal
Todd,Chikola,Russia
Helen,Margate,South Africa
Charles,Gornja Koprivna,Bosnia and Herzegovina
Dorothy,Essang,Indonesia
Steve,Rathdrum,Ireland
Kathy,Sumbersih,Indonesia
Charles,Al Wuday‘,Yemen
Anthony,Tiel,Netherlands
Anna,Gulbene,Latvia
Randy,Kutapanjang,Indonesia
Karen,Collingwood,Canada
Kimberly,Manning,Canada
Marilyn,Cincinnati,United States
Dennis,Fare,French Polynesia
Brenda,Affery,Ivory Coast
Nicole,Cimuncang,Indonesia
Billy,Leramatang,Indonesia
Cynthia,Avanca,Portugal
Jack,Ipatinga,Brazil
Gloria,Mandapajaya,Indonesia
Walter,Pangao,Philippines
Maria,Killorglin,Ireland
Terry,Bjelovar,Croatia
Arthur,Cigadog,Indonesia
Theresa,Huadi,China
Carol,Przyborów,Poland
Virginia,Dacudao,Philippines
Patrick,Linpu,China
Lori,Shanmuqiao,China
James,Wielichowo,Poland
Alan,Qiaotou,China
Ruby,Fonseca,Colombia
Christopher,Espírito Santo do Pinhal,Brazil
Norma,Aleg,Mauritania
Michael,Qianxu Zhen,China
Margaret,Luhanka,Finland
Alice,Paris 11,France
Russell,Qinghaihu,China
Mary,Povarovo,Russia
Roy,Pinhal da Marquesa,Portugal
Charles,Kayu Agung,Indonesia
Jacqueline,Bellavista,Mexico
Adam,Bābol,Iran
William,Calangain,Philippines
Betty,Suez,Egypt
Jonathan,Zharrëz,Albania
Angela,Kotakan Selatan,Indonesia
George,San Bautista,Uruguay
Clarence,Sacramento,United States
Catherine,Shuigou,China
Donna,Buang,Philippines
Catherine,Taipingxi,China
Kelly,Ayamaru,Indonesia
Lawrence,Zbąszyń,Poland
Phyllis,‘Izbat al Burj,Egypt
Willie,Béthune,France
Clarence,Palmital,Brazil
Robert,Soca,Uruguay
Kevin,Granard,Ireland
Louis,Větřní,Czech Republic
Bonnie,Kashiwazaki,Japan
Gregory,Tomaševac,Serbia
Jonathan,Mantar,Indonesia
Kathleen,Fort Macleod,Canada
Phyllis,Qinglin,China
Benjamin,Calatrava,Philippines
Philip,Baohe,China
Donna,Jiujiang,China
Gary,Al Miftāḩ,Yemen
Jean,Tidaholm,Sweden
Wayne,Perelhal,Portugal
Bruce,Ārān Bīdgol,Iran
Todd,Agalteca,Honduras
Thomas,El Rosario,Nicaragua
Ann,Zhuting,China
Richard,Enriquillo,Dominican Republic
Doris,Jianguang,China
Bobby,Rey,Iran
Jean,Huntsville,United States
Louise,Крива Паланка,Macedonia
Gerald,Xia Zanggor,China
Roy,Jishan,China
Harold,Ciorescu,Moldova
Jean,Laranjeiras,Brazil
Betty,Cholet,France
Philip,Ban Houakhoua,Laos
Jean,Dengzishan,China
Nicole,Bone South,Philippines
Arthur,Rukem,Indonesia
Emily,Chīchāwatni,Pakistan
Robert,Kysyl-Syr,Russia
Linda,Qarshi,Uzbekistan
Janet,Chemal,Russia
Carol,Masoyila,Sierra Leone
Ralph,Laguna Limpia,Argentina
Scott,Antsohihy,Madagascar
Wayne,Washington,United States
Louis,Yelan’,Russia
Carol,Caozhen,China
Norma,Miyako,Japan
Bobby,Kurungannyawa,Indonesia
Lillian,Mangarine,Philippines
Cheryl,Cardona,Philippines
Julia,Beixinjie,China
Rose,Zhongxin,China
Bruce,Paris 01,France
Albert,Yachimata,Japan
Jessica,Bobonan,Philippines
Earl,Nova Viçosa,Brazil
Kenneth,Nova Iguaçu,Brazil
Sean,Sangtian,China
Judith,Pirané,Argentina
Joe,Orléans,France
Walter,Mników,Poland
Lisa,Chang’an,China
Katherine,Pataypampa,Peru
Timothy,Shilong,China
Jessica,Berlin,Germany
Joseph,Horodok,Ukraine
Rose,Itaocara,Brazil
Chris,Tampa,United States
Michelle,Digdig,Philippines
Annie,Loum,Cameroon
Steven,Lençóis Paulista,Brazil
Paul,Bendan,Indonesia
Johnny,Aurora,United States
Chris,Maochen,China
Scott,Lapu-Lapu City,Philippines
Paula,Siao,Thailand
Emily,Sumy,Ukraine
Russell,Gaojiazhuang,China
Dennis,Toyohama,Japan
Bonnie,Villa General Belgrano,Argentina
Virginia,Kalutara,Sri Lanka
Scott,Longtan,China
Alice,Arrën,Albania
Frances,Babakanloa,Indonesia
Laura,Ongi,Mongolia
Theresa,Kalmar,Sweden
Joyce,Gaotieling,China
Sean,Verkhnyaya Toyma,Russia
Henry,Sukhinichi,Russia
Norma,Solna,Sweden
Patrick,Halmstad,Sweden
Terry,Bromma,Sweden
Michael,Nhà Bàng,Vietnam
Robin,Ban Houayxay,Laos
Kelly,Dromiskin,Ireland
Patrick,Pulo,Philippines
Deborah,Luopu,China
Melissa,Vesëlyy,Russia
Stephanie,Torsås,Sweden
Billy,Głubczyce,Poland
Julie,Constance,Portugal
Betty,Nagbacalan,Philippines
Steve,Xiaoyan,China
Phillip,Chattanooga,United States
Betty,Xinsheng,China
Martin,Bern,Switzerland
Janet,Luan Balu,Indonesia
Melissa,Liangwangzhuang,China
Clarence,Arísvi,Greece
William,New York City,United States
Sharon,Dacudao,Philippines
Rebecca,Ubrub,Indonesia
Ernest,Kalamáta,Greece
Johnny,Quezon,Philippines
Christopher,Sandvika,Norway
Aaron,Šilheřovice,Czech Republic
James,Ichuña,Peru
Jose,Xinyang,China
Ryan,Magsaysay,Philippines
Ryan,Santa Lucía Cotzumalguapa,Guatemala
Andrea,Wuli,China
Steve,Morro do Chapéu,Brazil
Ruby,Mpulungu,Zambia
Jesse,Piaski,Poland
Ernest,Fort Liberté,Haiti
Willie,Arcachon,France
Joe,Hengshan,China
Paula,San Antonio,Chile
Mildred,Krasnomayskiy,Russia
Randy,Vilppula,Finland
Ashley,Mayisad,Haiti
Rachel,Sabtang,Philippines
Christina,Laszki,Poland
Sara,Daxi,China
Julia,Junaynat Raslān,Syria
Kathleen,Kawaliwu,Indonesia
Julia,Lyon,France
Phyllis,Bang Rakam,Thailand
Gary,Porirua,New Zealand
Scott,Belajen,Indonesia
Philip,Kuruman,South Africa
Rachel,Ugbokpo,Nigeria
Bonnie,Temirtau,Kazakhstan
Barbara,Bieniewice,Poland
Matthew,Puchong,Malaysia
Heather,Judita,Jordan
Louis,København,Denmark
Teresa,Ciparay,Indonesia
Jerry,Norwalk,United States
Frances,Ferapontovo,Russia
Ruth,Gaogu,China
Justin,Rožna Dolina,Slovenia
Justin,Lenart v Slov. Goricah,Slovenia
Ernest,Shreveport,United States
Earl,Volosovo,Russia
Angela,Licheng,China
Judith,Jovellar,Philippines
Jean,Shangyi,China
Teresa,Dadoupu,China
Frank,Baimi,China
Keith,København,Denmark
Sarah,Halmstad,Sweden
Sara,Qagan Obo,China
Richard,Parabon,Indonesia
Joe,Al Burayqah,Libya
Terry,Jammāl,Tunisia
Carlos,Tegalsari,Indonesia
Billy,Capiíbary,Paraguay
Dennis,Sekirnik,Macedonia
Sharon,Marovoay,Madagascar
Emily,Hengelo,Netherlands
Cheryl,María la Baja,Colombia
Roger,Granada,Philippines
Nancy,Bendosewu,Indonesia
Matthew,Yambol,Bulgaria
Justin,Hezuoqiao,China
Stephen,Tsarychanka,Ukraine
Martha,Sofádes,Greece
Lois,Mardīān,Afghanistan
Cynthia,Bakalang,Indonesia
Laura,Kumane,Serbia
Lillian,Chigasaki,Japan
Joyce,Cikaung,Indonesia
Deborah,New Leyte,Philippines
Denise,Guapimirim,Brazil
Susan,Manhan,Mongolia
Henry,Nelazskoye,Russia
Eric,Xambabazar,China
Aaron,Javānrūd,Iran
Catherine,Saint Paul,United States
Shirley,Pragen Selatan,Indonesia
Anthony,Camindangan,Philippines
Jean,Caburan,Philippines
Joseph,Kasserine,Tunisia
David,Dalong,China
Christina,Janeng,Botswana
David,Palmdale,United States
Lois,Pećigrad,Bosnia and Herzegovina
Melissa,Quinocay,Peru
Carolyn,Dazaifu,Japan
Julia,Nueve de Julio,Argentina
Maria,Liangwa,China
Dennis,Rybí,Czech Republic
Kenneth,Wengyang,China
Donna,Saint-Jean-de-Monts,France
Joshua,Zhaotong,China
Carl,La Roxas,Philippines
Virginia,Bradashesh,Albania
William,Zengtian,China
James,Wutong,China
Walter,Kedungtuban,Indonesia
Andrew,São Gabriel da Cachoeira,Brazil
Sarah,Popovi,Bosnia and Herzegovina
Janice,Cocorná,Colombia
Ruth,Qarāwat Banī Zayd,Palestinian Territory
Jeffrey,Pyin Oo Lwin,Myanmar
Stephen,Gandiaye,Senegal
Patricia,Al Bawīţī,Egypt
Christine,Miribel,France
Donna,Wróblew,Poland
Nicholas,Voždovac,Serbia
Katherine,Kemil,Indonesia
Robert,Saposoa,Peru
Norma,Xixiang,China
Jean,Az Zulfi,Saudi Arabia
Anthony,Yantan,China
Doris,Lubasz,Poland
Judy,Dzoraghbyur,Armenia
Jack,Vorontsovka,Russia
Norma,Waco,United States
Gerald,Guozhuang,China
Frances,Voždovac,Serbia
Anne,Lyon,France
Carolyn,Conel,Philippines
Nancy,Daming,China
Arthur,Caoyan,China
Patrick,Mat-i,Philippines
William,Cheping,China
Henry,Anliang,China
Ralph,Bonao,Dominican Republic
Stephen,Kuasha,China
Randy,Oefatu,Indonesia
Christine,Kihniö,Finland
Maria,Barayong,Philippines
Patricia,Sarzedo,Portugal
Brian,Yangjiafang,China
Christina,Gasi,China
Carolyn,Jiaozuo,China
Paul,San Benito Abad,Colombia
Daniel,Da’ao,China
Kathy,Rokietnica,Poland
Joseph,Hunkuyi,Nigeria
Joyce,Hecun,China
Shawn,Lianozovo,Russia
Kathy,Malakwal City,Pakistan
Phyllis,Emiliano Zapata,Mexico
Lisa,Trzebinia,Poland
Cynthia,Tupambaé,Uruguay
Donald,Mourelos,Portugal
Kenneth,Byczyna,Poland
Fred,Agualote,Honduras
Alan,Zhencheng,China
Jane,Jinkou,China
Brenda,Primero de Mayo,Mexico
Diane,Examília,Greece
Steve,Nong Bua Daeng,Thailand
Albert,Mochudi,Botswana
Stephen,Nurota Shahri,Uzbekistan
Nicole,Xiaomei,China
Betty,Erong,China
Kelly,Culacling,Philippines
Ann,Lago dos Rodrigues,Brazil
Frances,Inírida,Colombia
Sandra,Sundsvall,Sweden
Christopher,Atolina,Belarus
Albert,Baryshevo,Russia
Terry,Sanxing,China
Kevin,At Tall al Kabīr,Egypt
Joe,Rosario de Lerma,Argentina
Joshua,Lingbei,China
Ralph,Hutang,China
Henry,Kokembang,Indonesia
Joseph,Colonia Wanda,Argentina
Philip,Kloulklubed,Palau
Chris,Clichy,France
Bonnie,Huazangsi,China
Jeremy,Idrija,Slovenia
Lori,Obonoma,Nigeria
Norma,Majiadu,China
Gerald,Namling,China
Rachel,Huolongmen,China
Kathy,Jinbo,China
Joyce,Pilar,Paraguay
Amanda,Sangoleng,Indonesia
Carolyn,Ekenäs,Finland
Marilyn,Kawangohari,Indonesia
Ronald,Klishkivtsi,Ukraine
Gregory,Jajar,Indonesia
Alan,Qilong,China
Billy,Zaniemyśl,Poland
Charles,Świeradów-Zdrój,Poland
Ryan,Kawahmanuk,Indonesia
Stephanie,Novosheshminsk,Russia
Pamela,Tall Rif‘at,Syria
Bonnie,Xiaochi,China
Harry,Zeqin,China
Daniel,Sapphaya,Thailand
Daniel,Starcevica,Bosnia and Herzegovina
Linda,Toamasina,Madagascar
Amanda,Chivor,Colombia
Marilyn,Chimbas,Argentina
Joyce,Orléans,France
Lori,Lendava,Slovenia
Sean,Juhut,Indonesia
Carolyn,Dongqinggou,China
Louis,Ribnica na Pohorju,Slovenia
Christopher,Debre Tabor,Ethiopia
Steven,Honolulu,United States
Shawn,Kostel,Slovenia
Scott,Kasama,Japan
Richard,Pitrufquén,Chile
Antonio,Tokmok,Kyrgyzstan
Nicole,Gaula,Portugal
Larry,Nagiba,Philippines
Betty,Shangwuzhuang,China
Christina,Sukarama,Indonesia
Harry,Hufeng,China
Stephen,Caringin Lor,Indonesia
Diane,Kushar,Yemen
Jose,Dongdong,China
David,Santa Cruz do Bispo,Portugal
Susan,Ghormach,Afghanistan
Helen,Algeciras,Colombia
Ralph,Nyachera,Uganda
Samuel,Haolibao,China
Stephen,Debar,Macedonia
Susan,Longfengshan,China
Nancy,Babakan,Indonesia
Doris,Skogås,Sweden
Lisa,Sleman,Indonesia
Harold,Aasiaat,Greenland
Jacqueline,Orita Eruwa,Nigeria
Carol,Zheleznovodsk,Russia
Annie,Sahatsakhan,Thailand
Denise,Atabayan,Philippines
Virginia,Přimda,Czech Republic
Marilyn,Marmashen,Armenia
Heather,Canelas,Portugal
Johnny,Ülken,Kazakhstan
Charles,Metu,Ethiopia
Kathryn,Cordon,Philippines
Julia,Arāk,Iran
Laura,Xiaruyue,China
Shawn,Kerrobert,Canada
Timothy,Baytā al Fawqā,Palestinian Territory
Helen,Mislīyah,Palestinian Territory
Betty,Los Patios,Colombia
Alan,San Antonio de Los Altos,Venezuela
Judy,Hanting,China
Christine,Niedźwiada,Poland
Theresa,Binlod,Philippines
Jessica,Rantauambacang,Indonesia
Jennifer,Zhanghua,China
James,Chaeryŏng-ŭp,North Korea
Ernest,Qi’an,China
William,Qingyang,China
Ralph,Vrachnaíika,Greece
Thomas,Ambohitrolomahitsy,Madagascar
Carlos,Tlogowetan,Indonesia
Steve,La Unión,Colombia
Patricia,Yangqiao,China
Diane,Santa Rita,Brazil
Douglas,Sumberrejo,Indonesia
Charles,Meylan,France
Elizabeth,Budy,Ukraine
Stephanie,Ngrambitan,Indonesia
Jose,Port-aux-Français,French Southern Territories
Carl,Miaoxi,China
Jane,União,Brazil
Matthew,Amieira do Tejo,Portugal
Mark,Zitong,China
Shirley,Kaliasin,Indonesia
Craig,Ilha Solteira,Brazil
Frank,Buurhakaba,Somalia
Harold,Huari,Peru
Deborah,Hamhŭng,North Korea
Kimberly,Fuxing,China
Bruce,Linköping,Sweden
Russell,Villaba,Philippines
Stephanie,Angostura,Colombia
Albert,Annecy,France
Sara,Tervel,Bulgaria
Kevin,Mbanza Congo,Angola
Janet,Kashin,Russia
Julie,Gadingrejo,Indonesia
Arthur,Bollène,France
Margaret,Taurija,Peru
Craig,Angasmarca,Peru
Kathryn,Cigadog,Indonesia
Todd,Nagiba,Philippines
Frances,San Gregorio,Philippines
Patricia,Palhoça,Brazil
Gloria,Cahuanuyo,Peru
Robin,Kemuning,Indonesia
Patrick,Lat Lum Kaeo,Thailand
Helen,Mekarsari,Indonesia
Joseph,Amberd,Armenia
Brenda,Ad Dilam,Saudi Arabia
Thomas,Kalí Vrýsi,Greece
Steven,Tromsø,Norway
Jacqueline,Qiaole,China
Douglas,Greenhills,Ireland
Ryan,Sentul,Indonesia
Donna,Soutocico,Portugal
Walter,Guadalupe,Peru
Frances,Pagak,Indonesia
David,Zaoshi,China
Howard,Navatat,Philippines
Matthew,Dakoutun,China
Robert,Jincheng,China
Howard,Satte,Japan
Jonathan,Morón,Argentina
Ruby,San Francisco,Mexico
Beverly,Chłapowo,Poland
Melissa,Baton Rouge,United States
Pamela,Quinta,Portugal
Irene,Pahonjean,Indonesia
Frances,Bakadagy,Gambia
Daniel,Samoljica,Serbia
Brenda,Dūrā al Qar‘,Palestinian Territory
Dennis,Dieppe,France
David,Safi,Jordan
Kathy,Qianjia,China
Heather,Skiáthos,Greece
Louis,Virginia,Ireland
Louise,Cukangpanjang,Indonesia
Paula,Stylída,Greece
Gloria,Igbo-Ukwu,Nigeria
Walter,Qinā,Egypt
Paul,Magdug,Philippines
Judith,Ngedhubasa,Indonesia
Emily,Huolongmen,China
Brandon,Kalabahi,Indonesia
Bobby,Casilda,Argentina
Roger,Seoul,South Korea
Amy,Guarapari,Brazil
Louise,Dongqiao,China
Willie,Kanoni,Uganda
Andrew,Quinta do Sobrado,Portugal
Wayne,Spodnja Hajdina,Slovenia
Jean,Conselheiro Lafaiete,Brazil
William,Pulangbato,Philippines
Diane,Erfangping,China
Jonathan,Lyon,France
Carol,Pīr jo Goth,Pakistan
Jeremy,Nanzhen,China
Rose,Castlerea,Ireland
Willie,Emmaboda,Sweden
William,Mirsk,Poland
Ernest,Sanxing,China
John,Krajansumbermujur,Indonesia
Kevin,Matinha,Brazil
Shawn,Zhangcaizhuang,China
Patricia,Vogan,Togo
Nancy,Kalodu,Indonesia
Douglas,Ilhabela,Brazil
Wayne,Novyy Svit,Ukraine
Jacqueline,Las Palmas,Mexico
Doris,Pule,Indonesia
Anthony,Xiatang,China
Heather,Kotakan Selatan,Indonesia
Mildred,Tianzhou,China
James,Isnos,Colombia
Raymond,Jingkou,China
Louis,Kyzyldzhar,Uzbekistan
Ann,Honghe,China
Teresa,København,Denmark
Randy,Sarvaš,Croatia
Bonnie,Wulong,China
Cynthia,Ash Shawātī,Yemen
Janice,Sovetskoye,Russia
Ernest,Kitwe,Zambia
Teresa,Mabuhay,Philippines
Paul,Zhongling,China
Frank,New Haven,United States
Alice,Mendī,Ethiopia
Susan,Palca,Peru
Clarence,La Escondida,Mexico
Mary,Nagua,Dominican Republic
Andrew,Huaping,China
Jack,Linao,Philippines
Douglas,Janja,Bosnia and Herzegovina
Melissa,Bellavista,Peru
Cheryl,Kalapagenep,Indonesia
Andrea,Calauag,Philippines
Phillip,Pskov,Russia
Ryan,Taoyuan,China
Albert,Obryte,Poland
Carlos,Al ‘Āliyah,Tunisia
Nicholas,Gaoyi,China
Judy,Al Badārī,Egypt
Benjamin,Kruisfontein,South Africa
Steven,Patani,Nigeria
Heather,Misheronskiy,Russia
Carl,Katoúna,Greece
Bonnie,Suci Kaler,Indonesia
Martin,Ibaté,Brazil
George,Jagodnjak,Croatia
Joshua,Hāgere Selam,Ethiopia
Joe,Sherpur,Bangladesh
Bobby,Jetak Kulon,Indonesia
Marie,Columbus,United States
Emily,Gaoyang,China
Brian,Lyon,France
Clarence,Goiás,Brazil
Ruby,Lungaog,Philippines
Donald,Cholpon-Ata,Kyrgyzstan
Christine,Haugesund,Norway
Paul,Jadów,Poland
Gary,Hitoyoshi,Japan
Jean,Punta del Este,Uruguay
Scott,Santol,Philippines
Gary,Semeljci,Croatia
Terry,Unity,Canada
Shawn,Kaeng Khoi,Thailand
George,Stockholm,Sweden
Shirley,Fendou,China
Heather,Tuanzhou,China
Sharon,Noupoort,South Africa
Anna,Bor,South Sudan
Harold,Rencun,China
Jonathan,Stockholm,Sweden
Terry,Guadalupe,Mexico
Walter,Malicboy,Philippines
Henry,Néa Kíos,Greece
Rachel,Leština,Czech Republic
Robin,Xiaochi,China
Jessica,Bojadła,Poland
Denise,Seixo de Manhoses,Portugal
Theresa,Shencun,China
Norma,Água Retorta,Portugal
George,Linan,Philippines
Christopher,Antipino,Russia
Tina,Andrijaševci,Croatia
Jean,Zborište,Bosnia and Herzegovina
Lillian,Budapest,Hungary
Kathy,Tân Việt,Vietnam
Doris,Nový Bydžov,Czech Republic
Peter,Pisan,Indonesia
Gregory,Imġarr,Malta
Adam,Pop Shahri,Uzbekistan
Jonathan,Kopen,Indonesia
Shirley,Nova Prata,Brazil
Arthur,Xieyang,China
Amanda,San Diego,Venezuela
Carl,Harbutowice,Poland
Amy,Zhuxi,China
Andrea,Beima,China
Shirley,Urus-Martan,Russia
Phyllis,Negotino,Macedonia
Dennis,Tianzhen,China
Sean,Shicang,China
Fred,Hicksville,United States
Dorothy,Meilin,China
Frances,Zhangjia,China
Adam,Chibombo,Zambia
Evelyn,Belize City,Belize
Joseph,Furukawa,Japan
Brenda,Boavista,Portugal
Patricia,Itaparica,Brazil
Eugene,Bazzāryah,Palestinian Territory
Diane,Golovinskiy,Russia
Kathy,Croix,France
Ryan,Buenavista,Colombia
George,Omaha,United States
Samuel,Tak,Thailand
Craig,Kawayan,Philippines
Ashley,Knyazhichi,Ukraine
Pamela,Brześć Kujawski,Poland
Lawrence,Morshansk,Russia
Evelyn,Semamung,Indonesia
Paul,Lyon,France
Aaron,Foluo,China
Marilyn,Antsohimbondrona,Madagascar
Kathryn,Āgaro,Ethiopia
Jimmy,Socorro,Colombia
Benjamin,Hualfín,Argentina
Tina,Ramon’,Russia
Carol,Huchang,China
Pamela,Santo Isidro,Portugal
Diane,Altay sumu,Mongolia
Gary,Tianchi,China